platform,video_id,url,title,channel,channel_subscribers,published_at,hours_live,duration_seconds,views,likes,comments,engagement_rate_pct,views_per_hour,keyword_bucket
YouTube Shorts,vLAz5sVoOjo,https://www.youtube.com/shorts/vLAz5sVoOjo,RO Cleaning ￼Hack 💦 #shorts #viral #trending,The Saini Ala ,664000,2026-09-19T03:50:40Z,28.9,60,4516406,43108,45,0.955,156247.3,
YouTube Shorts,2BrooPMBHhY,https://www.youtube.com/shorts/2BrooPMBHhY,cake Chori hua  🎂😱 #funny #youtubeshorts #comedy #viral #shorts #171,Cut Short,6350,2026-09-19T12:43:28Z,20.0,10,2901414,13336,2,0.46,144886.0,
YouTube Shorts,ccbfmpIIfUs,https://www.youtube.com/shorts/ccbfmpIIfUs,he looked so tensed 😂#shorts#viral#million#100k#boy,𝐌𝐢𝐬𝐬𝐀𝐧𝐚𝐯𝐞𝐫𝐚,17400,2026-09-18T13:30:05Z,43.2,6,5485752,0,485,0.009,126842.5,
YouTube Shorts,KIOJE20Gtps,https://www.youtube.com/shorts/KIOJE20Gtps,ANYTHING You Write on Your BODY Becomes REAL... #shorts #roblox #viral,Noobified,330000,2026-09-19T04:50:29Z,27.9,40,3332200,73928,770,2.242,119397.1,
YouTube Shorts,ySSsJJ40JUU,https://www.youtube.com/shorts/ySSsJJ40JUU,Chhotu do packet Maggi Le Aaya bhai ke liye #viral #shorts,Abir boss ,2400000,2026-09-19T12:08:56Z,20.6,32,2404120,20042,3,0.834,116698.9,
YouTube Shorts,UGa-BY0fOx0,https://www.youtube.com/shorts/UGa-BY0fOx0,Wait For The FERRARI😱🤩#shorts #viral #viralvideo,Pulse speaker,32900,2026-09-18T20:03:37Z,36.7,10,3927055,12652,6,0.322,107034.4,
YouTube Shorts,t6BnWr7h86M,https://www.youtube.com/shorts/t6BnWr7h86M,"aku punya kucing yang suka marah"" 😂😂 #shorts #funny #viral #comedy #kucing",Teman chio,38800,2026-09-19T00:46:40Z,32.0,9,3384794,16567,37,0.491,105866.9,
YouTube Shorts,rcV7EGxJZEk,https://www.youtube.com/shorts/rcV7EGxJZEk,एक कमेंट इन के लिया भी 🤬 #shorts #viral,    खाटू वाले श्याम ,3840,2026-09-19T02:10:51Z,30.6,14,3161237,25342,844,0.828,103412.8,
YouTube Shorts,HfgstoQayio,https://www.youtube.com/shorts/HfgstoQayio,Indian flag 15 August ke baad mein 😮 #shorts #viral #trending #flag,Vishnu swami 8870,4120,2026-09-18T14:25:04Z,42.3,11,4161154,24724,46,0.595,98297.7,
YouTube Shorts,WLiGfR4Sq1M,https://www.youtube.com/shorts/WLiGfR4Sq1M,I never understood it but people were soo creative#trending #viral #shorts #shortsfeed#fyp,hello hehe,66000,2026-09-18T15:11:21Z,41.6,11,3448596,139088,919,4.06,82977.2,
YouTube Shorts,03HLZ49n1Gg,https://www.youtube.com/shorts/03HLZ49n1Gg,Kalyani trend with student| #youtubeshorts #shorts #trend #viral @fdccompany648,Shweta Garg (Model),3360000,2026-09-18T15:45:26Z,41.0,12,3210022,35367,228,1.109,78307.1,
YouTube Shorts,ckshjcMjlGI,https://www.youtube.com/shorts/ckshjcMjlGI,Ayaan ko mila surprise 🤗 #familyvlog #familyshorts #shorts #trending #viral #dikshakidunia,Diksha Ki Dunia,2280000,2026-09-18T12:25:25Z,44.3,37,3428931,39301,833,1.17,77356.5,
YouTube Shorts,DMdFCiAMOUM,https://www.youtube.com/shorts/DMdFCiAMOUM,#viralvideo #parati #viralshorts #viral,Zig Shorts,14000,2026-09-18T22:10:28Z,34.6,7,2574752,0,25684,0.998,74467.5,
YouTube Shorts,CCt7n7iRYYU,https://www.youtube.com/shorts/CCt7n7iRYYU,"BTS ARMY, Choose Only ONE! 🥰💜 #bts #shorts#vvaan  #song #viral #trending #btsofficial67#fyp",Bts Official 65,32200,2026-09-18T09:38:43Z,47.1,6,3477342,0,17717,0.509,73821.6,
YouTube Shorts,p3orIyrXxjA,https://www.youtube.com/shorts/p3orIyrXxjA,Bhang pili gora ne 🙏❤️ #shorts #mrandmrskoranga #love #viral,Mr and Mrs Koranga ,11700000,2026-09-19T01:35:22Z,31.2,28,2174029,0,4,0.0,69768.8,
YouTube Shorts,W7vlmeveLtk,https://www.youtube.com/shorts/W7vlmeveLtk,📈🤯Birthday wishes 🤣தருணங்கள் 💯 #birthday #shorts #comedy #viral,Rajkzr ,5220000,2026-09-18T11:24:37Z,45.3,136,3042931,116055,602,3.834,67114.1,
YouTube Shorts,7HXnkF2cwsI,https://www.youtube.com/shorts/7HXnkF2cwsI,Bappa Primium Unboxing 🔥#bappa #bappamorya #ganesh #shorts #trending #viral,Appa Kale,4970,2026-09-19T02:36:42Z,30.1,10,1834173,19855,43,1.085,60858.6,
YouTube Shorts,-nzs7JjaCno,https://www.youtube.com/shorts/-nzs7JjaCno,Tau ko hi lapet deta 😂😂 #funny #viral #shorts #youtube #tau #naveencomedyclub,naveen_comedy_club,464000,2026-09-18T15:08:32Z,41.6,65,2178648,38587,126,1.777,52361.6,
YouTube Shorts,dw7aeFJ9wSU,https://www.youtube.com/shorts/dw7aeFJ9wSU,Yo los vi primero 😱😱 #shorts #viral #video #youtubeshorts,Soy Marie Oficial ,19000000,2026-09-18T23:41:09Z,33.1,20,1712675,11510,29,0.674,51798.6,
YouTube Shorts,fQ22xM1Sllk,https://www.youtube.com/shorts/fQ22xM1Sllk,Didi ne ghar se nikal Diya 🥹 #reels #trending #comedy #viral #video #shorts #relatable #shortvideo,Kamine Fun,13900,2026-09-18T13:30:03Z,43.2,24,2144509,0,14,0.001,49585.1,
YouTube Shorts,B6UdkhgmGUA,https://www.youtube.com/shorts/B6UdkhgmGUA,Qual bebida deixa o Toddy mais gostoso? #experimento #leite #cocacola #café #água,leozlinski,6260000,2026-09-19T01:03:07Z,31.7,29,1366271,30744,154,2.261,43102.8,
YouTube Shorts,sCD0iZgllgQ,https://www.youtube.com/shorts/sCD0iZgllgQ,Tom Holland React Viral Videos #tomholland #funny #trynottolaugh #reaction,Over76,108000,2026-09-18T10:44:14Z,46.0,49,1890069,34434,23,1.823,41077.1,
YouTube Shorts,ZYJkqxMZNWs,https://www.youtube.com/shorts/ZYJkqxMZNWs,playful chihuahua ends up in trash can #dog #cute #funny #viral #shorts,Pihu Vfx,27400,2026-09-18T10:30:17Z,46.2,11,1894470,0,4,0.0,40965.8,
YouTube Shorts,tA7s6hK7d6U,https://www.youtube.com/shorts/tA7s6hK7d6U,Smooth Criminal🫡 #shorts #shortvideo #trending #viral #dance #funny #funnyshorts #viralvideo #video,Diana Malkova,328000,2026-09-18T13:50:52Z,42.9,15,1700357,13618,65,0.805,39633.4,
YouTube Shorts,K03ZnfyiNXg,https://www.youtube.com/shorts/K03ZnfyiNXg,Duggu Ki Icecream 🍦👍❤️🤣 #shorts #trending #video,Kanish Prajapati,1050000,2026-09-19T10:08:59Z,22.6,25,893553,5883,2,0.659,39537.4,
